,postcode,lon,lat
0,5571,4.97830552524816,50.145229203958436
1,5080,4.823040677097621,50.51802156697481
2,5543,4.844595751539798,50.16549170513231
3,3581,5.248218029108467,51.090098965515864
4,3583,5.173248093354319,51.047686051880795
5,3590,5.417426449396492,50.91148333449561
6,3640,5.72880856924644,51.17115647372937
7,3717,5.425422103675053,50.72596086466414
8,3891,5.176326978380318,50.750593993217784
9,3980,5.069536263946347,51.054783189174685
10,8553,3.421563782290278,50.80839107751576
11,6870,5.313902123517168,50.03690455420123
12,7504,3.330381410370858,50.58098203970654
13,7822,3.843981476859054,50.6471815598948
14,1401,4.358076642200513,50.617663557366754
15,1460,4.259715332494394,50.64085582622058
16,2640,4.461040132890298,51.17463975833746
17,2382,5.052107033848186,51.44976104267063
18,2310,4.767494274523639,51.35514942435804
19,2547,4.497806447410268,51.12769847424817
20,2845,4.33556593193733,51.10729376871485
21,2060,4.376134025032607,51.248447820724365
22,2627,4.342687429249923,51.12267361693446
23,2381,5.006010075392751,51.41131354672353
24,2150,4.487687146271747,51.19145932067747
25,2387,4.903894210159396,51.41641400189452
26,3472,5.006373148835371,50.89424346153927
27,3272,4.946307973458278,51.01625602737977
28,3212,4.790029690256198,50.8747668407872
29,1640,4.373732794655721,50.744496059136004
30,3450,5.10532003006251,50.89500693999195
31,1540,4.03604040962386,50.722404957481096
32,9473,4.050302142583166,50.89809663996499
33,9112,4.029177437791314,51.16014232146869
34,9031,3.633046770040216,51.051202535013374
35,9308,4.029669760417315,50.9673651621167
36,4730,6.140831297731922,50.649166334686754
37,4632,5.722308262380486,50.65314739422452
38,4351,5.341979782980764,50.6969029287981
39,4480,5.3906389321157775,50.54940848302819
40,4910,5.792942482132827,50.479293293663225
41,7510,3.347229563836705,50.602611637589625
42,7020,3.972124117938859,50.4951508161205
43,6534,4.346616190652407,50.34868908709587
44,7860,3.827655959321268,50.70782135153303
45,7330,3.817290433716811,50.4500706332298
46,7864,3.86465888313695,50.73219062587638
47,7100,4.19011154300274,50.48132422290698
48,6531,4.311671935515356,50.31812045059716
49,3722,5.409332424911175,50.855692119449934
50,8550,3.339351438011737,50.80547297509661
51,8691,2.63603213658728,50.976301824160764
52,8700,3.337406906128884,50.99997764926436
53,8760,3.295037936851297,50.95105389378751
54,6840,5.431672182519433,49.8424024694399
55,6983,5.628599161615838,50.130140819937175
56,6987,5.482531103545013,50.225561542216425
57,3120,4.7091988945381225,50.99429271970909
58,1541,3.9925589861453323,50.70447653722278
59,3270,4.977675317891447,50.97091251522217
60,5351,5.147327658298041,50.441864713360246
61,5540,4.832756422482895,50.2078836754068
62,5550,4.913132884291834,49.81215041837728
63,3582,5.28067689900486,51.07062776310164
64,3850,5.193628950060383,50.87456504009532
65,8480,3.024847844311923,51.130084962134525
66,8570,3.464043077530356,50.84340914962332
67,8830,3.064023303516668,50.98182637352017
68,8978,2.640712715251963,50.847277895421854
69,3300,4.941172558459968,50.80922727420936
70,3401,5.087728599429149,50.718032360518414
71,3210,4.835081689733584,50.88357963294684
72,1501,4.262453273944151,50.73746200178331
73,1950,4.471344481505892,50.845386982127444
74,9771,3.502755671894199,50.882928824884424
75,9190,4.018028609943872,51.21058097517089
76,9051,3.67704044443779,51.020835067310294
77,9700,3.6110882628986483,50.848018865686875
78,9770,3.529963191351794,50.916145054810755
79,4181,5.57670059087153,50.42561167704621
80,4342,5.455776383600718,50.68356624247208
81,4161,5.512449688843039,50.50232901763118
82,4650,5.806874439823573,50.60668764857255
83,4257,5.210981477843381,50.712009582693646
84,6210,4.445996016740626,50.53834844566403
85,7802,3.72930171411901,50.58665419458767
86,6200,4.510607244620078,50.38361148737189
87,7000,3.968502166659133,50.456203480863934
88,7021,4.044682821851172,50.459186960033676
89,1033,4.38605713534583,50.861805515601496
90,1006,4.375234148039785,50.87298266192055
91,1043,4.38605713534583,50.861805515601496
92,1060,4.344697581912635,50.829476307319766
93,1300,4.5719102975057,50.69801921281275
94,2170,4.44450162313264,51.25156639821808
95,2630,4.382521989987779,51.13183400239181
96,7711,3.293799094229236,50.73438991075176
97,6210,4.470914471459328,50.48811219247635
98,7190,4.163406277702188,50.56896913004575
99,1120,4.375234148039785,50.87298266192055
100,1150,4.443103143199102,50.83109966996703
101,1320,4.7850703687239395,50.78029938291994
102,1331,4.546587881040538,50.73537497297937
103,1348,4.610583193636526,50.64437790193214
104,1404,4.2629198483323,50.6042547788242
105,2520,4.599904016207306,51.1851724480689
106,2490,5.189507620442092,51.166344406480725
107,2530,4.507452123689277,51.160670898875395
108,2270,4.759935300337723,51.13916219772636
109,5621,4.565329626632812,50.29540777309948
110,5640,4.650508996795713,50.3263285233684
111,5537,4.796803952608396,50.3335869684532
112,5020,4.873254627779406,50.49563850900468
113,5377,5.303213461804268,50.296262885971046
114,5081,4.775332482316229,50.53704044788278
115,3501,5.353051553893263,50.87972176549938
116,3620,5.645659516356118,50.89998677041696
117,3950,5.587395210052495,51.19088890327587
118,8850,3.204586319277043,50.970720246560504
119,6821,5.298180861291905,49.742933997928546
120,6834,5.119076371486765,49.839895206995465
121,6852,5.124980525130461,49.94920516539996
122,6853,5.161248013672438,49.92614724730353
123,6997,5.580717761285836,50.291261976609114
124,1654,4.274053226347698,50.748563374114006
125,3118,4.707853684749772,50.974437446459724
126,1653,4.298649637605856,50.733773934276996
127,9270,3.857256387642593,51.03888355150804
128,9290,3.959452450769738,51.02452070785009
129,9681,3.603812497797033,50.78349852701911
130,4761,6.305604104635684,50.45179830084449
131,4140,5.6370035682496304,50.507415279953975
132,4877,5.731972613312919,50.58736496113965
133,4670,5.747660575405222,50.680270695887955
134,4750,6.223987444186985,50.479812184949694
135,4780,6.144925075596327,50.284535167130564
136,4051,5.6339567661787555,50.60192572212116
137,4652,5.771850776307537,50.61078931878826
138,7740,3.328838749789718,50.68821665184891
139,6221,4.529097147609301,50.51075215545845
140,7942,3.853156020193236,50.61648174771696
141,7332,3.779560383207146,50.50994439203581
142,7010,3.972124117938859,50.4951508161205
143,6500,4.24543910724317,50.213805173417235
144,6250,4.591784707468043,50.416649525281294
145,7624,3.349949848814559,50.5162241204786
146,7611,3.306893241964832,50.52946413753035
147,7130,4.175446206829685,50.41072051574393
148,6560,4.145436326314291,50.30024640277612
149,5560,4.968684555520797,50.172628492844844
150,5363,5.113867500779082,50.335160801619345
151,5600,4.571891599680242,50.16289384914997
152,5641,4.70307395011975,50.3095092940113
153,5501,4.9526064024415,50.28922251728592
154,5651,4.455249275038879,50.29549130048675
155,5030,4.697014729356807,50.56226114863281
156,5150,4.77748662433658,50.42119091720402
157,3660,5.57135925539233,51.04035063845221
158,8610,2.999517253997901,51.0244017181459
159,8755,3.382269724086246,51.05512431930623
160,6630,5.7247900242378424,49.81114180866708
161,6660,5.785168385349334,50.128849289841654
162,6781,5.855063999433785,49.61176867222083
163,6813,5.458886356855338,49.707492590823946
164,6920,5.111386048020265,50.065483546895
165,1820,4.512768329408151,50.908686915761194
166,1502,4.217983586174801,50.71036726580038
167,3370,4.826380661577238,50.83055983736094
168,1852,4.363325827639951,50.954721858824506
169,1700,4.2578958901376485,50.84856042288083
170,9860,3.770343659379199,50.933609936771354
171,9790,3.500561346729429,50.86191054804526
172,9570,3.843182395813777,50.78878863358732
173,4458,5.578414947135331,50.71433424897992
174,4031,5.577531125648646,50.59185028437595
175,4650,5.771891439181935,50.69098820020856
176,4560,5.369765408196325,50.420737448736794
177,4770,6.13522075073925,50.35694653199721
178,6110,4.377794034073585,50.37221819422906
179,7034,4.00345440389874,50.48200388760719
180,6532,4.269962571572194,50.311942516865784
181,6530,4.296923768430381,50.3444427429975
182,7604,3.536924130255559,50.55086938268508
183,7500,3.389009268205489,50.604136689758725
184,7333,3.800762342554161,50.46581770145303
185,7803,3.78049228040414,50.63179570360427
186,6594,4.162295575481096,50.005375479855154
187,7910,3.530466499652594,50.68754560428395
188,6120,4.392363013422629,50.32368641321891
189,7506,3.351341527703194,50.57378705169133
190,7783,2.878075603084882,50.72755766166643
191,1200,4.431541527426499,50.84789153612173
192,1049,4.408236007087518,50.87001921742844
193,1370,4.877544510544012,50.717769456989686
194,2590,4.654716228104271,51.10495876136289
195,2431,4.9797858609504875,51.06274475941587
196,2801,4.409688494262013,51.048896156279405
197,6769,5.480048194278173,49.61163093704924
198,6044,4.390184365559585,50.439827627940524
199,6030,4.400385045382166,50.40979153641901
200,1780,4.30932217692078,50.90957954247929
201,9402,4.047828651322145,50.819933611266514
202,9920,3.622449773263771,51.10476775744932
203,9185,3.8732661150898062,51.18040422959496
204,9030,3.67853577403129,51.07386417979972
205,9140,4.216570683439023,51.140756480974794
206,4141,5.717120147431578,50.52741912628162
207,4570,5.233448550941895,50.473945293960455
208,6464,4.357438686155878,50.00089209592164
209,7861,3.78733749330221,50.69629991312962
210,7131,4.150309924021009,50.404053619435395
211,7134,4.193661361460719,50.42207407680261
212,6181,4.321858639805036,50.49356069435289
213,7382,3.7233927838207013,50.38275401924759
214,7301,3.820832314996096,50.42392561275431
215,6230,4.390802624362681,50.51181207915504
216,1130,4.375234148039785,50.87298266192055
217,1410,4.403520554166193,50.70976366812478
218,1474,4.470868865304241,50.62720733860356
219,2350,4.885090740973934,51.30529427138714
220,2870,4.291591868087934,51.072368741393966
221,2360,5.004371318046827,51.32073392547652
222,5364,5.124727454236162,50.36563070490373
223,5001,4.821762784969388,50.46995741568755
224,5000,4.854539162275639,50.457759547420494
225,3530,5.421525316021126,51.030095988663966
226,3580,5.223021187980118,51.045748329744264
227,3742,5.532850517898544,50.85271278619866
228,3791,5.883215704808167,50.72970119687923
229,3798,5.77243333760869,50.76051302436153
230,8460,2.9981470486252713,51.19721509326913
231,8582,3.426397560847429,50.75878665269722
232,8640,2.745174468977816,50.92894644794197
233,8690,2.72121062374652,51.01476098287005
234,8791,3.345056110746947,50.87235752687971
235,8880,3.151377215280142,50.87492645636235
236,6600,5.778188594148576,49.99402420506634
237,6688,5.670351880014501,50.0426383250265
238,6692,5.988170180603465,50.28124402586553
239,6980,5.522423987166039,50.15622908507213
240,1860,4.325099323868312,50.943740928977
241,1650,4.312619251793211,50.76625120592787
242,1742,4.135967632453179,50.87573299371628
243,5523,4.8576215645825265,50.279590825418595
244,3800,5.227498079892777,50.798878110258016
245,3941,5.350842696730286,51.156731809260286
246,8554,3.35187787134299,50.76269677519784
247,8904,2.865255587209115,50.89559226356297
248,8954,2.7437920011764882,50.79934939433776
249,8956,2.835750526775866,50.79001022171517
250,8970,2.71933380201441,50.853593199911806
251,6900,5.3662325505714055,50.21249107184126
252,3200,4.8343102291469755,50.98527054969427
253,1674,4.1587223583369575,50.737711397804
254,3054,4.6888035515612625,50.82209967822467
255,3010,4.736791897843723,50.88954206447257
256,3053,4.705482591274831,50.81690502548463
257,1105,4.375234148039785,50.87298266192055
258,1050,4.377065860435231,50.822325604082295
259,2320,4.742741597146226,51.399348468595555
260,2321,4.727615310693475,51.452321282795396
261,2531,4.5362922850200995,51.175995125929624
262,9200,4.084093700934431,51.03696478515703
263,9991,3.5027660082152963,51.18218511767298
264,9180,3.9450631009265003,51.18224611521425
265,9980,3.537156676449163,51.232721096844344
266,9881,3.497725717584676,51.09168561675328
267,9571,3.862983504288937,50.80897937344392
268,4163,5.4738248019136595,50.496045601679796
269,4990,5.794561305962568,50.29409301034046
270,4450,5.547836209240529,50.708868602680006
271,4970,5.950319171761081,50.39359722903743
272,4053,5.607087043742467,50.59057394130485
273,4681,5.675361165537338,50.71604706559913
274,7512,3.384537047241302,50.637541773166404
275,7620,3.3992738246942342,50.5449124056137
276,6142,4.321438240901546,50.38772819346952
277,7862,3.774997362566192,50.7210042912353
278,7300,3.788860299004143,50.428770523273045
279,8370,3.14160121764503,51.29837935392511
280,8430,2.836838059805625,51.17815500112932
281,8680,2.972216833869148,51.09021185685532
282,8740,3.270450267559886,50.99261140625523
283,8900,2.820689990115551,50.81848404852776
284,6662,5.844017287644833,50.104656740274564
285,6672,5.995047199568529,50.203028455680766
286,6860,5.609961908791543,49.80698722514835
287,6970,5.4602215163455154,50.08393238628601
288,1831,4.445229932624749,50.892944354955446
289,3320,4.877610300119027,50.78225179814631
290,5500,4.90622118525634,50.228545842808934
291,5022,4.9080968903714925,50.51703286547315
292,5541,4.832756422482895,50.2078836754068
293,5542,4.840733793518567,50.19203680336448
294,5520,4.850650076002723,50.24596761096666
295,3550,5.294774004254104,51.00902295258934
296,3793,5.872385566958153,50.752388289041704
297,3803,5.147664225873109,50.83301023422726
298,3830,5.336452655385173,50.84595525055639
299,3831,5.332926888163778,50.827012457782146
300,9500,3.886863687606572,50.820983674896276
301,4607,5.741479660950062,50.728569832193
302,4730,6.06781126323219,50.707875064250665
303,4050,5.644405182228874,50.58522465817122
304,4601,5.688323937396018,50.70207095830987
305,4784,6.068295371916776,50.285770240148786
306,4920,5.6700305371182385,50.46110254469126
307,4042,5.571167772120222,50.69186805608346
308,7320,3.647114170315043,50.480332045342706
309,7830,3.939394569601154,50.6479669266252
310,7641,3.426071027351888,50.55998570298441
311,1040,4.375234148039785,50.87298266192055
312,1342,4.5584085198370445,50.68379979985528
313,1472,4.412997016590901,50.62507941120234
314,2200,4.831562156337345,51.183255497155216
315,2900,4.508194509964705,51.26417701511706
316,2240,4.665552049419401,51.22069321522656
317,2940,4.36993960452919,51.337978875586835
318,9570,3.837351919604356,50.820759323517876
319,9830,3.6294698250650823,51.015740803574026
320,9300,4.047007532896995,50.941780843882924
321,9340,3.942331671334093,50.957953814619216
322,9600,3.60759314331646,50.749709459509745
323,9981,3.5397930596762,51.270401617861964
324,9850,3.535967009652099,51.044421243003534
325,9500,3.869191461145281,50.75631465402039
326,9170,4.119502014366569,51.22764907167518
327,4624,5.665233901405933,50.60428331237354
328,4577,5.2879021079343005,50.477535782778155
329,4260,5.115731505060568,50.61047819822582
330,4821,5.884105409196777,50.61429464831296
331,4500,5.181064535082792,50.49945695953772
332,4782,6.255547264540821,50.28086655228511
333,4671,5.674857738316832,50.65534079444836
334,4000,5.576746544206011,50.64100863770039
335,4260,5.175956196264243,50.60532373506875
336,4672,5.707331819981653,50.69333591033592
337,4451,5.5481255356860455,50.68931739251802
338,4621,5.698379831248319,50.62899679344338
339,7823,3.88836464420893,50.635129295259155
340,7191,4.163406277702188,50.56896913004575
341,6462,4.364589916088016,50.06370274451575
342,7623,3.38554306737723,50.50608146948224
343,6075,4.535895485678568,50.47084791169866
344,6020,4.426930454280802,50.41727752258545
345,7601,3.586478486826305,50.52937405342307
346,7061,4.04800871255348,50.519242244798235
347,1020,4.375234148039785,50.87298266192055
348,1090,4.321383766329789,50.881720021988286
349,1301,4.581594841842499,50.7168861193855
350,1330,4.528024961130181,50.7122118597938
351,2610,4.387893089723031,51.16429714238415
352,8301,3.258865480626141,51.31166474283851
353,8310,3.272416934098278,51.21677335757064
354,8421,3.062663199459585,51.26258540478536
355,8647,2.736133320548195,50.97051264978583
356,8660,2.594587604805893,51.0704142079429
357,8800,3.117783451264296,50.94625796358603
358,8820,3.095483897636927,51.062335838080806
359,8957,2.897546098250427,50.759777966611054
360,6686,5.606593809442786,50.06338776348134
361,6698,5.907434542453936,50.32371252905669
362,6742,5.660868788927638,49.64881693322211
363,6836,5.135426679241442,49.792793746138756
364,6850,5.128141991092279,49.89790501802281
365,6921,5.15517535823723,50.06655938330617
366,1931,4.445229932624749,50.892944354955446
367,3130,4.785669137790253,50.99502244496066
368,3012,4.707202587569181,50.92127141131543
369,3271,4.981617466438012,50.99895330058122
370,3724,5.422309843662548,50.83027442474485
371,3746,5.549305842319534,50.86640062480266
372,5024,4.962847303886857,50.49074420495649
373,5170,4.826404009407128,50.38843943711718
374,5590,5.122824767561598,50.25624897081881
375,5333,5.024831035542033,50.38965322349175
376,3650,5.70023659884594,51.03297006986552
377,3665,5.570947431025026,51.00403806391602
378,3720,5.378291083016474,50.86601338435881
379,3970,5.265840257968899,51.12093887157154
380,8770,3.260684729457544,50.921458230622584
381,6640,5.6089347598933355,49.911239171143
382,6660,5.681868604193096,50.1553599185884
383,6687,5.678127382385678,50.08988048136106
384,6717,5.776093147961596,49.75420777419082
385,6761,5.566885790661556,49.55987469152944
386,6950,5.367278074686654,50.1175874690849
387,6990,5.451885055651398,50.268167181605
388,3381,4.958995562242453,50.887760594878145
389,3052,4.710276094943632,50.82559015169222
390,1673,4.181339451829367,50.733790299411545
391,1570,3.9902980751472423,50.74105581245334
392,3140,4.654303955797991,51.00520268020055
393,9032,3.738386889083249,51.115287374583325
394,9630,3.734605343229638,50.87804896694438
395,9130,4.203171492710529,51.29334611618766
396,4540,5.311435799134499,50.55255963122397
397,4367,5.402696581101545,50.716831389555615
398,4834,5.957013126892896,50.59872335953817
399,4602,5.67580876014664,50.68354687061111
400,4020,5.638561209383813,50.639959100598105
401,4300,5.253818432923701,50.69000743206165
402,4608,5.777538738447603,50.714506071689094
403,7712,3.240635140304602,50.721852963883954
404,6032,4.409596474775443,50.382584915377535
405,1081,4.324083268779553,50.86301498471678
406,1050,4.344697581912635,50.829476307319766
407,2330,4.870213713566063,51.370433742714766
408,2500,4.561792200549251,51.13160180554329
409,8650,2.903097456561726,50.98454557706053
410,8750,3.28867923741712,51.06781205827559
411,4120,5.482227353192982,50.53217303794813
412,5576,5.001612601787774,50.05045280411518
413,5352,5.175428601096177,50.460277864723565
414,5570,5.040325265896285,50.08384330829393
415,5644,4.723851662787109,50.288945096747675
416,5522,4.797119069820602,50.284685553110265
417,3510,5.25139545968784,50.95107161633338
418,3512,5.247989672177129,50.91740580040002
419,8434,2.7761610348929393,51.15486680637328
420,8560,3.1507135657129828,50.83983510732439
421,8908,2.8206986206233813,50.8470357900288
422,8972,2.6565612254087982,50.88590312626407
423,6782,5.764544551734923,49.61018109325086
424,6812,5.415493330986141,49.74608658491904
425,6820,5.184128185589924,49.730217343328725
426,9932,3.5474694985779482,51.13340587981811
427,9968,3.675027437464864,51.23188747088605
428,9636,3.689472369568404,50.88835687675334
429,9041,3.772807392554319,51.103064477304066
430,4861,5.785595501682936,50.591685643353806
431,4623,5.686458271555588,50.60129962416622
432,4711,6.036174840569045,50.676511019577944
433,4651,5.794266605981542,50.63955879367363
434,4830,5.934281847498286,50.60246696405553
435,4431,5.496600584080927,50.666242681486686
436,4261,5.167136948633016,50.622509599335125
437,4600,5.701782207365342,50.73709797041671
438,7140,4.236149898184558,50.45668408944778
439,6061,4.4743628566770575,50.40703507741261
440,7730,3.301841086701076,50.68201651214613
441,7521,3.412335241590891,50.5862481736304
442,7110,4.12138559583128,50.474815160866434
443,6567,4.190430142008371,50.321764997657006
444,7334,3.762000064537995,50.47317124088612
445,6211,4.482079376421948,50.503548344357434
446,1070,4.292904442200332,50.828980275263795
447,1325,4.711227589915237,50.67844529926434
448,1440,4.268277717247763,50.67878793707231
449,1457,4.692532525665684,50.61680143779535
450,1470,4.448927543402161,50.60920472279855
451,1490,4.562595910150405,50.62644859932748
452,2620,4.340183148796095,51.14373586065193
453,2860,4.514746404462987,51.064188891317116
454,2550,4.44113168462789,51.128476784411255
455,2390,4.743920598152036,51.28881699322618
456,2470,5.07679040926115,51.267067940052925
457,2460,4.912232894257663,51.22543459542968
458,2890,4.240558354848952,51.062738850754315
459,2000,4.376134025032607,51.248447820724365
460,2140,4.444865773892291,51.2119968157408
461,6830,5.118811913985813,49.7690492821049
462,1830,4.443147468386422,50.91134865371077
463,3128,4.748688160616197,51.00532033491213
464,1933,4.510708348249879,50.85654613816079
465,1703,4.199980231053451,50.83953171216256
466,3050,4.661175687748797,50.82968856103344
467,1731,4.279490957617121,50.90119406509116
468,3294,5.029500582529524,51.00579392278925
469,1750,4.179767578395023,50.820531678444624
470,9472,4.044793082941195,50.87453739606754
471,9680,3.6269285276748473,50.79985672096752
472,9450,4.009634286160399,50.8756806472586
473,9401,4.005803312914622,50.81752760603058
474,9820,3.746326283353625,50.99390732762893
475,4432,5.507243675367365,50.6804582190948
476,4102,5.546491520855183,50.59505274799415
477,4160,5.52289728778049,50.479093496502465
478,4960,6.043258899461595,50.453739832613685
479,4630,5.703208729649861,50.646425643526335
480,7784,2.9191502380038523,50.73920926750211
481,6240,4.548899555935839,50.43504749697217
482,6041,4.443036647141276,50.469348178772314
483,7750,3.504454573678133,50.724482583521386
484,6140,4.322326932134048,50.41166595335169
485,7941,3.83368330549019,50.60955347523937
486,7350,3.708365381453643,50.43469662965351
487,7170,4.245438095287564,50.50169979774876
488,7780,2.9973455635162303,50.784876378600636
489,1041,4.375234148039785,50.87298266192055
490,1046,4.408236007087518,50.87001921742844
491,1402,4.378963304808165,50.589972355763386
492,2323,4.80967875034335,51.39956728747595
493,2400,5.122131871128595,51.241515872832345
494,5376,5.243183871046597,50.36785139207581
495,5530,4.980740469908019,50.335959831796735
496,5573,5.007125330137938,50.126433277720075
497,5361,5.213161131732082,50.30908081792327
498,3600,5.4949237804863404,50.967174345910735
499,3700,5.466938591585194,50.781684646613506
500,3990,5.454253657474964,51.11022210934622
501,8000,3.20718285703363,51.232646001171425
502,8400,2.9203642401745133,51.204054302137884
503,8431,2.836838059805625,51.17815500112932
504,8572,3.494571566290156,50.814377568247124
505,8630,2.6418910560283253,51.044271735015755
506,8670,2.700626980557324,51.121346604412906
507,6671,5.92961403178149,50.22726344766786
508,6810,5.370379239265897,49.68602194700267
509,6832,5.072301176633269,49.81947922854715
510,6952,5.392679674710719,50.14607474972478
511,6953,5.28313182088571,50.130211961412996
512,1745,4.182299556760117,50.96521724874241
513,3321,4.926426805935803,50.75921240989309
514,9690,3.5422652943080513,50.77770082468756
515,9750,3.602442710188111,50.904546303248395
516,9070,3.812266535063497,51.02810615197796
517,9661,3.80065734505077,50.787756729438186
518,9240,4.035908298040555,51.06733279544228
519,9080,3.831947554237734,51.0996990473999
520,4860,5.798373353668578,50.55726408880471
521,1031,4.38605713534583,50.861805515601496
522,1008,4.375234148039785,50.87298266192055
523,1300,4.609958977641858,50.72477661519289
524,1420,4.35823745489421,50.692382997024126
525,4690,5.604165228217777,50.76497607239577
526,4841,5.926423757666302,50.66552462291628
527,4130,5.560415477383841,50.529235561214904
528,7863,3.805295545014342,50.73567380125361
529,6460,4.274520828596977,50.07867277426734
530,6511,4.279981984073648,50.2760472993157
531,7548,3.432493154187059,50.61090861965755
532,7700,3.215028338180876,50.745880794857555
533,8490,3.087844865344226,51.18656071645014
534,8552,3.38591263030068,50.77320484048642
535,8730,3.320853323796497,51.12979244806573
536,8851,3.199656796743239,51.006944651303314
537,6666,5.7210462844278105,50.167698427407615
538,6690,5.811034974448453,50.24765540036063
539,6730,5.512110597659552,49.686161342951024
540,6747,5.653187325004047,49.61238072490389
541,6890,5.235608802219327,49.975033875368666
542,3440,5.118295088901426,50.843150737095876
543,3150,4.633056953501904,50.97836723301938
544,3404,5.099306592202783,50.765882457050026
545,3290,5.098913716877939,51.01216806865579
546,5370,5.234149664913023,50.35324114383989
547,5564,5.067139267601601,50.149633736117195
548,5555,4.998335027623808,49.91362049811571
549,5360,5.160500843183148,50.34906234313159
550,5032,4.7057966491197565,50.522287433980544
551,5380,4.982835996473257,50.546491169184726
552,3621,5.661986840544107,50.928556465051244
553,3770,5.598513740289083,50.80891991474512
554,3790,5.833251300589162,50.74114642464831
555,8210,3.136453758123636,51.13670159091553
556,8720,3.392451077704107,50.94966332294179
557,9930,3.561101157171588,51.11772486118317
558,5334,5.072746307457648,50.37302188907322
559,3545,5.096551633664311,50.93999683513806
560,3001,4.691098755030863,50.85734711667344
561,9050,3.771048231704722,51.03750198876654
562,9890,3.707845020187116,50.91707954807099
563,4530,5.222214523554705,50.593163322500004
564,4252,5.19826638841548,50.654053967275566
565,4783,6.180688245608367,50.26463755987939
566,4041,5.594986028388135,50.69093418992845
567,4771,6.223039487389554,50.363509214258855
568,7033,3.9235572335343902,50.43375629555613
569,6593,4.198874635435978,49.977320436172576
570,6141,4.3214370817388215,50.431992527152396
571,7973,3.727893013309745,50.506654719989385
572,6596,4.269644953625766,49.97898648422563
573,7940,3.861722929654918,50.59845750301012
574,7781,2.966798613727431,50.78946756486205
575,6441,4.352876081381821,50.20256339867955
576,7890,3.727212389829618,50.71588222284948
577,6238,4.425481448298368,50.51380992517715
578,7063,4.006437199983385,50.55742575023612
579,6224,4.578579799842651,50.47621722958689
580,7030,4.013831231106731,50.43872268944256
581,1180,4.361370487792108,50.78987082854528
582,1421,4.339701935206512,50.65760296310933
583,2230,4.899473338402746,51.052403764130105
584,2100,4.46823712928013,51.215898155997046
585,5589,5.254754400757525,50.15317032593864
586,5620,4.682579832709662,50.22859428096972
587,5575,4.885444604221798,49.9929545134084
588,5650,4.43827062667041,50.24835129550285
589,8540,3.366165828303196,50.842562692188935
590,8587,3.380964067986367,50.736639741135924
591,8906,2.808133665110816,50.88168535177004
592,6663,5.729307367811699,50.113443275423265
593,6724,5.584882988483655,49.72469658214863
594,1935,4.47820494125249,50.88338465440317
595,1851,4.378726002200047,50.97142231710905
596,3090,4.532882605153322,50.77131194884989
597,9099,3.738386889083249,51.115287374583325
598,9220,4.120667785433801,51.089266350478
599,9772,3.5577852555788283,50.88931137033742
600,9992,3.408098643383184,51.251803237430686
601,4263,5.181623526805403,50.640256177451256
602,4253,5.194486533626656,50.66735930571338
603,4850,5.950799963358972,50.710827133860704
604,4983,5.8048219706188195,50.35983789190931
605,4030,5.611819695855508,50.62614473189009
606,4837,6.059851595107361,50.57275372512368
607,4190,5.633411249954286,50.39547917259399
608,4731,6.096047243925875,50.69859390393582
609,4950,6.131403389330432,50.50290789629794
610,4684,5.659160032334298,50.73584797043918
611,4250,5.16843188030489,50.67482564884707
612,7540,3.438963243139209,50.65395242995072
613,7181,4.239812278948863,50.56357491577711
614,7760,3.4562005343073072,50.7071975803299
615,7530,3.483051868633904,50.59532756736342
616,7618,3.3403978981578932,50.545235304503116
617,7912,3.606998253102044,50.71244851530913
618,6000,4.448541194700186,50.41632296870234
619,7904,3.61547936518119,50.59212889282027
620,7380,3.692568855595319,50.388765845550154
621,7070,4.120027302711064,50.51427419126255
622,1000,4.369278654960959,50.853812373745676
623,1160,4.43799132057269,50.81019872509648
624,1340,4.584311991418305,50.67146356031946
625,2570,4.514141623555746,51.095719546804055
626,2830,4.360048181748833,51.063785840068654
627,2450,5.073574387688352,51.124534764529855
628,2560,4.634965861012082,51.14377998437943
629,2223,4.697724012817591,51.02869754911989
630,2800,4.468101716569333,51.03007676437425
631,5521,4.776379391331089,50.25727471143225
632,5100,4.899775924422468,50.41121198572444
633,5332,4.961712178534264,50.351207136545604
634,3680,5.703826568360952,51.09916661611053
635,3740,5.509721523877871,50.87949887317435
636,8940,3.071379280241772,50.82465133123318
637,8952,2.8421536091117092,50.76688542530164
638,6637,5.698147410667557,49.90302132947767
639,6674,5.839021360913197,50.20775804616796
640,6830,5.002013851489941,49.83770446341737
641,6941,5.5258631863404215,50.37761023713464
642,3390,4.914815932945844,50.93598845337997
643,3202,4.895613288808407,50.974451211610976
644,1600,4.250696691518621,50.781002387579306
645,3060,4.625598414804474,50.87014269326936
646,9320,4.063243126487138,50.91524229667714
647,9090,3.796491998372834,51.00027811930153
648,9230,3.870719400098463,51.00236028375542
649,9880,3.419527828190619,51.09151927680345
650,9970,3.61644353246409,51.22723496446966
651,9420,3.965005574250437,50.916766900692416
652,9260,3.9363690608781923,51.00798150472708
653,4721,6.012157629321648,50.72570477776681
654,4350,5.331842860471897,50.686005865390605
655,4100,5.508048762890354,50.58496196593964
656,4852,5.919867535596682,50.71799547940604
657,4218,5.127824996316248,50.52630827143261
658,7511,3.347229563836705,50.602611637589625
659,7800,3.78049228040414,50.63179570360427
660,7022,4.020935214580339,50.40949604031477
661,7533,3.523279132437117,50.641652308740106
662,7090,4.131890628017427,50.60371814071546
663,7032,3.990544812121291,50.42411866903341
664,1082,4.293920189965437,50.86465279974552
665,1400,4.327273956190343,50.591388384222846
666,2812,4.5217696807065195,51.00884825004317
667,2910,4.465890207947531,51.44950433077206
668,2990,4.565707127709544,51.391851170056874
669,5362,5.1728247130501455,50.330503113983866
670,3631,5.720700717969127,50.9280577168514
671,3971,5.229498754954051,51.112588547157614
672,8500,3.276541129725285,50.81548648715903
673,8710,3.358850342103825,50.910230752054034
674,6743,5.598438096005902,49.64012347764595
675,6790,5.804527562249287,49.56583399531406
676,6811,5.415493330986141,49.74608658491904
677,6856,5.15824560301948,49.854262365690154
678,6887,5.315139327987978,49.80995012801415
679,6972,5.554126217508594,50.11217509808931
680,3221,4.831013953272166,50.947958829092094
681,3000,4.69569641887135,50.8810526792466
682,1980,4.42957064327596,50.987652937553015
683,3220,4.796491715207058,50.921265751787175
684,1861,4.309022344671084,50.97336092889476
685,1760,4.077674510624705,50.83785020011701
686,1670,4.162898746828571,50.75588535895773
687,1755,4.125487211137745,50.77856023753248
688,3460,4.9720341484062125,50.93685110466318
689,5190,4.689321690925804,50.45878087705008
690,5010,4.854539162275639,50.457759547420494
691,5101,4.946185429338447,50.456610659386854
692,5524,4.811848147548683,50.24089758548294
693,3930,5.481430155210708,51.26942532941101
694,3945,5.133385546739354,51.09460290737297
695,8300,3.331958012765075,51.346651571344495
696,8531,3.290110732512824,50.89094037278907
697,8790,3.426441012327737,50.878530359819216
698,8792,3.367754909740405,50.88478823206576
699,6920,5.056586197743311,50.05849398713359
700,9521,3.874259715245075,50.931386568796505
701,4040,5.624363334016105,50.67921179186858
702,4801,5.902807377719397,50.59238313745336
703,4280,5.083404367538335,50.67444666979321
704,4700,6.137609316512761,50.603595114378116
705,4357,5.309581732627891,50.65092325546578
706,4980,5.937157500592078,50.35343298613215
707,6001,4.440022349479033,50.38225363133343
708,7970,3.732811368601314,50.53491288978105
709,7972,3.694148224086389,50.55370748488333
710,7803,3.7559029057741853,50.653011856041736
711,6042,4.445088267227546,50.43082543509163
712,612,4.375234148039785,50.87298266192055
713,1000,4.375234148039785,50.87298266192055
714,2275,4.822425937160039,51.252365619447
715,2650,4.432829593906586,51.1562541917077
716,2030,4.376134025032607,51.248447820724365
717,2950,4.443787769978329,51.33395441181101
718,6831,5.107898361138987,49.81335395137129
719,6971,5.483673473140941,50.11753944587284
720,1804,4.428578360497885,50.93012891009888
721,1671,4.174912694965389,50.78030661666723
722,1730,4.186788555395837,50.909272565714325
723,1702,4.262800821923428,50.8724565436475
724,3111,4.767193984031677,50.948083381242256
725,1560,4.450819430141942,50.76103393358512
726,1601,4.296779977559773,50.78483815859806
727,9111,4.089994967950732,51.15731459867738
728,9470,4.068749078554287,50.884211048076374
729,9950,3.609656008103307,51.15208538001621
730,9688,3.683024232915638,50.78995440054331
731,9831,3.610309755233783,50.99944078844335
732,4633,5.745352632484007,50.64349886118655
733,6180,4.371924010502227,50.46129976005874
734,7060,4.030440932890032,50.61194257686289
735,6030,4.361351528564767,50.41515789568444
736,6099,4.535895485678568,50.47084791169866
737,6463,4.382626355226494,50.0728761381687
738,7742,3.36892644791098,50.69337538023613
739,6183,4.323267120555157,50.46341661415244
740,7390,3.86194835965052,50.43631602049697
741,6220,4.535895485678568,50.47084791169866
742,7133,4.202423169562303,50.37988564802503
743,1212,4.369278654960959,50.853812373745676
744,1210,4.369278654960959,50.853812373745676
745,1083,4.309447398997361,50.87440457885052
746,1190,4.324177215886155,50.814084975691195
747,1357,4.98531372583491,50.75655859247487
748,1367,4.867898985361501,50.6450470427425
749,1428,4.366142301894997,50.64114510796939
750,2540,4.482310085349264,51.147212966513656
751,2970,4.594469949585567,51.25282552271659
752,2290,4.772892306400321,51.21766611526779
753,5353,5.208424610080438,50.452469672410466
754,3540,5.18221676878469,50.923981647173676
755,3668,5.6127408860109504,51.01795509171514
756,3890,5.175805996786182,50.73831294896235
757,8902,2.932389916664365,50.833226269872256
758,8958,2.7873658498693032,50.79093944397671
759,8980,2.979610977650222,50.86573873980175
760,6851,5.113734146114013,49.865694466396626
761,6929,5.06712904861771,50.003839490814315
762,6986,5.508984278009601,50.173774460280164
763,3471,5.00507158453757,50.86659404146787
764,3110,4.729643203754868,50.95663014095065
765,9255,4.192866346755479,51.00801606329608
766,9660,3.763960900175773,50.804414751954994
767,9551,3.911197918586656,50.89338772451674
768,4000,5.577531125648646,50.59185028437595
769,4347,5.4056472848299855,50.66666070231287
770,4791,6.070274992461632,50.22469121615678
771,4219,5.026554675484,50.60713361162862
772,4052,5.63741733618252,50.561812680638766
773,8511,3.224027100350036,50.77635920318213
774,8780,3.337220421163134,50.93059447967373
775,6760,5.586439661915086,49.6024106010902
776,3391,4.9151565863386395,50.89595675363268
777,1980,4.442577358408958,50.96088753393642
778,3071,4.572830760492655,50.905095205098974
779,5520,4.764893238436779,50.237701808655856
780,5070,4.691483360689996,50.3948193471962
781,5336,4.996020765701244,50.39510851684177
782,3670,5.598544655982336,51.084279929614404
783,3732,5.448819241617612,50.84206063229594
784,3940,5.341586539050862,51.11791085898852
785,3960,5.636412026020706,51.14058541231272
786,8340,3.352697179834194,51.242984753181155
787,8420,3.092238323161803,51.29866846302454
788,8573,3.465329540095636,50.812531400589315
789,6706,5.8619859842148045,49.65434011124272
790,3211,4.89248060249774,50.87243034807027
791,1910,4.570642620178585,50.94874989926418
792,9120,4.241424192342918,51.21395164485779
793,9520,3.850486439705949,50.9196479297709
794,9667,3.69978026108826,50.825598023975324
795,4452,5.501118983612095,50.72529589978149
796,4101,5.497986977613582,50.61819164237959
797,4210,5.092973955562719,50.58456128801683
798,4802,5.879655823611434,50.56914523874434
799,4900,5.86707384966682,50.472024262928485
800,6470,4.22739285471852,50.16398541429335
801,7801,3.753921100362554,50.621365169904074
802,7080,3.8705385638083722,50.38578213408955
803,7811,3.8215986813646863,50.61902074525225
804,6031,4.376855591954091,50.41682879063639
805,7640,3.494489705526703,50.54545345708928
806,7782,2.878075603084882,50.72755766166643
807,7743,3.371392973356929,50.66206016331977
808,6591,4.206042073482571,50.036243994263806
809,7180,4.267552901341413,50.526342127372516
810,6182,4.342232335477467,50.44647867483665
811,7011,3.901016350641789,50.481082162881385
812,7502,3.2956711060824793,50.57622769425181
813,6590,4.176287709519636,50.02162973923655
814,7062,4.100931494300653,50.548012339069835
815,6223,4.529837788789084,50.52221118069762
816,1110,4.375234148039785,50.87298266192055
817,1005,4.375234148039785,50.87298266192055
818,1310,4.464834689100548,50.73629996455743
819,2980,4.6828582961504495,51.26355606407579
820,2960,4.607172140109691,51.334976678828546
821,2222,4.722370017948313,51.103700353875695
822,2580,4.627238962828943,51.04727200735847
823,3061,4.590807805833395,50.84555719400637
824,1547,3.9321743559343343,50.71066390957348
825,9400,4.014183549287835,50.795727309381256
826,9960,3.756207077499878,51.228166383700824
827,9400,3.966505252219524,50.85407606035612
828,4650,5.794266605981542,50.63955879367363
829,4840,5.965981946628496,50.65913417375105
830,4537,5.315405708318917,50.60516633896076
831,7513,3.384537047241302,50.637541773166404
832,7850,4.036272078129364,50.659001835660554
833,7971,3.656499159208909,50.54061455452053
834,7501,3.347229563836705,50.602611637589625
835,7160,4.282857249459756,50.471307819925876
836,7643,3.476615438431995,50.56623815456898
837,7642,3.431836204544051,50.575331826236805
838,7870,3.947582895716926,50.56446331467332
839,6543,4.214267005222947,50.35496568123008
840,7387,3.733326845211171,50.349281749956276
841,1035,4.38605713534583,50.861805515601496
842,1348,4.584311991418305,50.67146356031946
843,1470,4.481721401439023,50.59623200805342
844,2930,4.500425028085369,51.309508592907214
845,2920,4.468685734962266,51.398862311960194
846,2180,4.430455289054342,51.28352081368884
847,2660,4.3494494657019125,51.17680075275425
848,612,,
849,5060,4.6329749551810515,50.44623070905599
850,5560,5.08287693404777,50.182431503215504
851,5374,5.315597145107968,50.35341140252153
852,3500,5.3539234872135655,50.93340823156662
853,3511,5.301449126036597,50.95185535242305
854,3570,5.290565432675959,50.878408298677975
855,3920,5.302058606362873,51.225583998505414
856,8450,2.9773784952722453,51.23671218246712
857,8501,3.234010268474416,50.85249379414545
858,8510,3.296935466711242,50.773491427377515
859,8551,3.399278397922866,50.793846078186775
860,8793,3.396984910260643,50.89985376070436
861,8860,3.232021688120187,50.885991292634145
862,8950,2.824419784392634,50.73761074793143
863,8953,2.902678146003848,50.782949599766326
864,6750,5.700188781552907,49.56614956268711
865,6762,5.530606033964006,49.54165370769686
866,1652,4.328078247271569,50.74752884006042
867,1701,4.2578958901376485,50.84856042288083
868,1620,4.309048816954855,50.79350285511121
869,5310,4.90973448953198,50.589589303738954
870,5670,4.607604903151012,50.06128545825886
871,3792,5.825715333771312,50.72648833858975
872,8620,2.779551637443701,51.108205475195454
873,8951,2.794145665700685,50.76103699521742
874,6670,5.924095190498312,50.1554258444236
875,6721,5.620096176696785,49.76799730607734
876,6767,5.499749051664374,49.53508203015487
877,1934,4.445229932624749,50.892944354955446
878,3018,4.707202587569181,50.92127141131543
879,3201,4.891356263524847,51.01109800941638
880,3360,4.757466104552368,50.82540076878983
881,3080,4.504921690627695,50.821168109569065
882,3380,4.952022082423206,50.87384458226342
883,1651,4.279491859323873,50.76610927459038
884,9921,3.639645638711476,51.085020282418405
885,9931,3.54260327297431,51.15129887754736
886,4170,5.581742754294782,50.4756584092423
887,4400,5.430129978484226,50.593410925357574
888,4122,5.527872583036606,50.54389010297114
889,4121,5.4699154301469814,50.55426996412121
890,4099,5.469467996585815,50.67575138439455
891,4631,5.703208729649861,50.646425643526335
892,4890,5.878938014018685,50.67156235459628
893,4470,5.360581366085947,50.59670713269878
894,7542,3.410802212427557,50.66555402764512
895,7331,3.841110674109011,50.48388325647103
896,7600,3.59255320640889,50.512024646835705
897,6111,4.352541315701001,50.387888119787554
898,6040,4.43508407116947,50.444720779004314
899,7520,3.282525311517219,50.647346386472826
900,1341,4.5341919461924025,50.660622122467714
901,1350,4.943561142913659,50.682127504134996
902,2242,4.706119439268822,51.22691252263992
903,2850,4.372901183292752,51.09355764030045
904,2491,5.161377982443454,51.133153313377505
905,2480,5.122131871128595,51.241515872832345
906,5360,5.061870667976435,50.34264635676491
907,5646,4.661128895795521,50.278681857417574
908,5503,4.997261792195762,50.26088806498371
909,5563,5.030921755689385,50.16232806783965
910,5002,4.838488417206432,50.47869396859471
911,3832,5.290647724109565,50.84458399365827
912,8600,2.872749045245124,51.0547539517997
913,8920,2.924789678327129,50.908899940491104
914,6720,5.659611775346301,49.74650799227212
915,6823,5.363443534552545,49.63982835133382
916,6927,5.219646829870623,50.06697106261305
917,1500,4.240277878728712,50.73071382505011
918,3454,5.157115263174214,50.89146669339573
919,1850,4.385175946220142,50.940765638040666
920,1970,4.492424812620597,50.84309057749016
921,9075,3.738386889083249,51.115287374583325
922,9870,3.471413679110545,50.93514539477177
923,9040,3.769406834528752,51.06701435001319
924,9961,3.71047142445394,51.25601063121515
925,9060,3.808596793180325,51.19915619493164
926,9990,3.432772244957634,51.19958507615239
927,4180,5.535725808674964,50.427710260460834
928,4682,5.631443900586804,50.72881647641451
929,4317,5.243533299605199,50.65927815315745
930,4340,5.441028833197113,50.70502524243452
931,4460,5.42914187160935,50.64214218719312
932,4720,6.012157629321648,50.72570477776681
933,7031,4.046531623169427,50.42864283297361
934,7322,3.733485175395442,50.4765234583893
935,6043,4.482185655871988,50.455291567001304
936,7621,3.387516974925283,50.52075635830985
937,6222,4.563277340296821,50.53016995305675
938,7866,3.863256296358297,50.68396490547971
939,7950,3.8079366251543822,50.57418829736578
940,1047,4.377065860435231,50.822325604082295
941,1099,4.375234148039785,50.87298266192055
942,1040,4.394600605024559,50.83298255184288
943,2380,5.022773863066916,51.37817221543302
944,2020,4.376134025032607,51.248447820724365
945,2018,4.376134025032607,51.248447820724365
946,3470,5.056948979369892,50.90570825664911
947,9404,3.9466332697938133,50.842928103900576
948,9840,3.685003068720353,50.978265393100166
949,9506,3.937779364233144,50.787052491799976
950,9160,3.968193939813087,51.100245533430055
951,9900,3.5623319136868963,51.19431839992802
952,4420,5.535060559845203,50.629837917805894
953,6150,4.265665841285156,50.403614438638385
954,7610,3.306352219919212,50.55274565455217
955,7522,3.291579033016181,50.61171026009968
956,7370,3.800148781807271,50.39099245390335
957,7602,3.597161038111336,50.544858985703385
958,6010,4.471682428951614,50.38738594793574
959,7321,3.656865761710339,50.50207166780633
960,7906,3.574167082158389,50.6037200753987
961,7608,3.531835179034008,50.50753481051892
962,1315,4.788379199533981,50.6951830376784
963,1473,4.44652131973248,50.63516214371723
964,2280,4.739906950288028,51.18510499166731
965,2040,4.298111097530031,51.34298198470965
966,4287,5.033101948635712,50.712177041056314
967,4620,5.683137791030607,50.61824452614199
968,4217,5.090143739876208,50.549412522627364
969,5372,5.341122640429873,50.36005581017268
970,5354,5.186497398257584,50.43725613016662
971,5021,4.930964293946384,50.493364500178885
972,3790,5.712420603108801,50.75435482321066
973,3900,5.393398832214905,51.20029934000348
974,8433,2.8358811713798673,51.14935973377296
975,8583,3.4052768657981343,50.74897050321547
976,8810,3.146122598181163,51.02776706343605
977,8870,3.204631897073217,50.91131070183646
978,6673,5.8712071071348895,50.1711127756483
979,6681,5.480509278699119,50.05028143591854
980,6690,5.988170180603465,50.28124402586553
981,6792,5.7580106923341905,49.57175881836431
982,6833,5.044393996035766,49.83100514037023
983,1770,4.09303583540632,50.866522312514626
984,3473,5.001710686638424,50.913796056286756
985,3020,4.642821496825906,50.90898399648882
986,1981,4.502914696762615,50.99295390689466
987,5003,4.846938613127187,50.49450203349887
988,5340,5.070456051287302,50.4076707290065
989,6661,5.785887742892076,50.159261224130894
990,5680,4.671054987062448,50.139022948304294
991,5330,5.020871557528589,50.36606853931639
992,5562,5.05952373423188,50.21051152192043
993,3870,5.306318367766914,50.7480248373796
994,8211,3.093794529125806,51.117200223533914
995,8890,3.074159768523503,50.88759693424778
996,6984,5.574347416754611,50.14984404058582
997,4360,5.354768850895446,50.718706886537056
998,7880,3.731663175948145,50.75357491255145
999,3190,4.578350830548796,50.97551341323077
1000,9800,3.51643376866499,50.98786919100002
1001,4780,6.036229494728144,50.33201406836701
1002,4630,5.745533226378796,50.61859649966731
1003,4760,6.333485173401631,50.34551850347334
1004,4171,5.573724208598252,50.50253136444044
1005,7538,3.508473443089577,50.572528257787404
1006,6530,4.247028109916089,50.30332639911263
1007,6280,4.523242741162944,50.36017223758737
1008,6592,4.224103116240292,50.031929456819185
1009,1009,4.375234148039785,50.87298266192055
1010,1048,4.375234148039785,50.87298266192055
1011,1080,4.318418678989754,50.85522961973389
1012,2600,4.431973220636266,51.19213330584189
1013,2340,4.834400497031085,51.32032913642496
1014,2861,4.575467319838737,51.059134417535546
1015,2440,4.984736550693137,51.16646686399132
1016,2070,4.319816188688978,51.23137750205675
1017,2880,4.228201007273273,51.09084846028838
1018,2221,4.7673047365352055,51.04634221090044
1019,3078,4.5607874765310115,50.87197687503428
1020,3384,4.921409000971563,50.86937462434681
1021,3191,4.542268865741871,50.9849690381292
1022,1701,4.232494457999711,50.83153616046334
1023,9310,4.101311151466272,50.95430084590078
1024,9042,3.810343889705428,51.161780043746816
1025,9520,3.905406164229092,50.9399317811508
1026,9552,3.8892081659233693,50.908600221464965
1027,4728,6.030889633776085,50.709171658711334
1028,4520,5.181242811816953,50.54868891995823
1029,4987,5.787930660775993,50.42261730261762
1030,4557,5.383587116690836,50.47689493645064
1031,7130,4.091806919824024,50.43277241381592
1032,7503,3.346537083665326,50.62489136694395
1033,7622,3.44458389280662,50.52282341554432
1034,7603,3.613561374498213,50.49830025259294
1035,7041,4.024781199341022,50.37493720462305
1036,1170,4.423479931708108,50.79291924189043
1037,1332,4.500249260661122,50.722532048805405
1038,1435,4.610583193636526,50.64437790193214
1039,1471,4.433530807706258,50.594766353469524
1040,1480,4.1943623736711,50.68403302110266
1041,2300,4.940164879461028,51.3289645417869
1042,2322,4.774254142673586,51.43142807168572
1043,2370,5.085447550635012,51.33462182308609
1044,2243,4.695739820672819,51.198617734043566
1045,2160,4.518952239348571,51.20678750787161
1046,5300,5.045737027703342,50.470976974644394
1047,5544,4.792448026629197,50.16335709112081
1048,5004,4.8938697056860345,50.478874984040665
1049,3806,5.135227965158734,50.77914883264713
1050,8530,3.317611496271605,50.84348326097594
1051,8900,2.8957068009838363,50.855344107999336
1052,8930,3.121517325509126,50.804089742749824
1053,6680,5.557721163814337,50.00000388003773
1054,6704,5.8586753191074585,49.71240298450457
1055,6740,5.615989158827708,49.66464260205263
1056,3400,5.039508072145607,50.76667903877654
1057,1800,4.428578360497885,50.93012891009888
1058,1840,4.296428516201441,51.014505411782686
1059,8377,3.109097150981669,51.24088195427637
1060,8432,2.881120173659677,51.16749162383475
1061,8520,3.27159421386401,50.86016289078808
1062,6838,5.017588453111326,49.79527943567343
1063,6924,5.085140043949813,50.05230404659848
1064,1630,4.345414125035608,50.76794587216992
1065,3040,4.619809577671658,50.81565278621968
1066,9,4.981617466438012,50.99895330058122
1067,3000,4.691098755030863,50.85734711667344
1068,1602,4.230714668607756,50.80579534061165
1069,3350,5.02121613805768,50.811992920375054
1070,1932,4.444164020555327,50.86860468071333
1071,3070,4.538103844626135,50.884684436386145
1072,5630,4.433892293802589,50.19005868117103
1073,5561,5.007105967209664,50.22314318428099
1074,5140,4.604155625840349,50.544450199823686
1075,5660,4.521200178801961,50.02591044841348
1076,5031,4.76821828718657,50.58043804844668
1077,5570,4.915324310356166,50.08277879784013
1078,3723,5.399067226481186,50.84294090670337
1079,3840,5.347299861560884,50.80126374028137
1080,3910,5.444661036360133,51.230977155710605
1081,8840,3.00487815007579,50.96684101290582
1082,6700,5.741520200023896,49.68523319258533
1083,6824,5.2693492261193065,49.71025630475131
1084,9550,3.886741622245321,50.85766221605622
1085,9100,4.156645019474472,51.16368187628335
1086,9988,3.642019715836148,51.27265892988695
1087,9250,4.074865127334847,51.118651482590245
1088,9150,4.285333793866953,51.1482626061719
1089,9810,3.595768004762264,50.95655594080886
1090,9400,4.023746600967054,50.84648981107948
1091,4590,5.478514951977716,50.44011299060317
1092,4606,5.750496866721882,50.69538651900576
1093,4880,5.8513589270259025,50.700486490576935
1094,4831,5.922065846350702,50.63050028614452
1095,4710,5.991143312332854,50.67881290433241
1096,4453,5.547836209240529,50.708868602680006
1097,6060,4.485373214118113,50.42801704334071
1098,7040,3.926133527971955,50.36752867405708
1099,6536,4.338563216834223,50.29902859457919
1100,7804,3.7553209046098672,50.677701418566485
1101,6542,4.21653934089934,50.33861404174617
1102,6461,4.334215751069693,50.077727641354144
1103,7531,3.473956258847411,50.62156794125197
1104,7532,3.5217009090513463,50.62386386404468
1105,1000,4.377065860435231,50.822325604082295
1106,1390,4.673104738692169,50.75149334838617
1107,2235,4.802118046978261,51.04722426784125
1108,1741,4.155622977848159,50.855789286666194
1109,1982,4.503548665909508,50.967822951963036
1110,9620,3.7905685773980062,50.86893462600802
1111,9451,3.981172070938595,50.88499243738454
1112,9000,3.720262345300755,51.053260703972086
1113,4550,5.385171379484152,50.521984968720844
1114,4653,5.758240678205082,50.65978684223363
1115,4845,5.950080404670834,50.50986541186604
1116,7340,3.8375226012405843,50.41357901065898
1117,7900,3.61547936518119,50.59212889282027
1118,7812,3.725435693581204,50.628632330168784
1119,7050,3.918679117161573,50.52814330556847
1120,7951,3.76841469606251,50.59062474667933
1121,1012,4.375234148039785,50.87298266192055
1122,1007,4.375234148039785,50.87298266192055
1123,1140,4.408236007087518,50.87001921742844
1124,1360,4.765632118823371,50.619095318139706
1125,1430,4.124926940143261,50.65387528143722
1126,1476,4.410456750172978,50.575783513789226
1127,1495,4.535360186118476,50.549583794306336
1128,2430,5.04612608862084,51.08791988851712
1129,2328,4.800455130217273,51.47294429226783
1130,2820,4.54466040398519,51.027021221986644
1131,2260,4.8933227399603485,51.118648677888004
1132,2811,4.400356854897055,51.02601332098993
1133,2110,4.516867253463567,51.229586673387296
1134,5504,4.987813904353079,50.23963348274697
1135,5574,5.003418940237553,50.08885978622481
1136,3630,5.652242272891972,50.97378286902597
1137,3730,5.482523980631829,50.84869483874838
1138,8020,3.20946687009095,51.115614510612126
1139,8200,3.170873466744605,51.19372229465939
1140,8380,3.198412743559223,51.319188488680844
1141,8420,3.02386458673117,51.246343172418754
1142,8581,3.5032225544930613,50.79966114606921
1143,6741,5.669204381387059,49.66704544782038
1144,6800,5.380064364430568,49.966023829437134
1145,6880,5.240492986044481,49.84977519876712
1146,6922,5.131211208965811,50.05960656940028
1147,6951,5.430710856296992,50.145729472352265
1148,6982,5.6705601358093745,50.20224682438749
1149,1733,4.186788555395837,50.909272565714325
1150,1853,4.342915597541709,50.90929474624263
1151,1930,4.47820494125249,50.88338465440317
1152,3051,4.650360859796001,50.80458708010642
1153,1740,4.180161626217875,50.873253369539526
1154,3461,4.942971194176077,50.91333849949685
1155,4701,6.049571567249012,50.65021570484307
1156,6533,4.261483400913289,50.323462089031366
1157,7120,4.095748578678034,50.39629094528612
1158,7534,3.552067132542077,50.61105853195004
1159,7543,3.438963243139209,50.65395242995072
1160,7943,3.89326844668147,50.6083969205011
1161,6540,4.266199327463462,50.358020372384544
1162,7536,3.441559980454352,50.59123450717168
1163,7901,3.594621384457763,50.62058136421661
1164,7903,3.656855784277447,50.59531937409011
1165,7141,4.256948981157719,50.442037889702995
1166,1011,4.375234148039785,50.87298266192055
1167,1030,4.38605713534583,50.861805515601496
1168,1450,4.618303657381869,50.57826594178644
1169,1461,4.3000301977496385,50.64968399763807
1170,2840,4.407466354353447,51.10462897076046
1171,5012,4.854539162275639,50.457759547420494
1172,5502,4.992689154104474,50.28599157049045
1173,5572,5.044689986719531,50.12749275678512
1174,5580,5.170062938055328,50.15164063847288
1175,3560,5.199884737277817,50.99602445645074
1176,3690,5.5754019777598245,50.93287623158777
1177,6723,5.615425477890771,49.71862344579244
1178,6820,5.320695987212549,49.688935334473356
1179,6940,5.418311627470638,50.324817507035
1180,1880,4.366670334804054,51.01138982072448
1181,1790,4.106537553803077,50.91260930190065
1182,3293,5.028035926090064,50.97915616259631
1183,1785,4.232932989110518,50.96497401622396
1184,9406,3.9904657170479583,50.84455637967905
1185,9971,3.6356493131868612,51.19309612643193
1186,9403,4.061660845254389,50.80217727662278
1187,9940,3.7075201896052272,51.12040642924183
1188,9982,3.576621400397091,51.25944310696155
1189,9572,3.817041723218188,50.80264947555913
1190,9280,4.137729814030584,50.99414481507905
1191,4610,5.671567293582618,50.63300984234396
1192,4851,5.97976403510126,50.74698777915346
1193,4680,5.611734922005852,50.71149221666199
1194,4790,6.116242106180693,50.18191676082769
1195,4800,5.879655823611434,50.56914523874434
1196,4870,5.731972613312919,50.58736496113965
1197,4800,5.865875472582388,50.59152456135572
1198,4032,5.623582074795952,50.614135660989234
1199,5350,5.147327658298041,50.441864713360246
1200,5330,4.942849651844251,50.37122276200273
1201,5020,4.8034428349936995,50.46106075009524
1202,3520,5.376662200197104,50.99193999281114
1203,3721,5.430972188350132,50.867733483119835
1204,8470,2.9597453837462373,51.1562401145374
1205,8580,3.4483560009053003,50.77754918828237
1206,6780,5.839067589370517,49.631621783058776
1207,9052,3.708325302860806,51.00344710907644
1208,9910,3.480613447575087,51.13162078202465
1209,4162,5.498082047235997,50.48680247711935
1210,4683,5.654562602832895,50.69624198676869
1211,4254,5.175652517689511,50.65619859696325
1212,4650,5.838799006571904,50.63257057410082
1213,4820,5.854411888490793,50.613315193492284
1214,4654,5.807628310761868,50.676245762708064
1215,4430,5.528168774947655,50.65833644138832
1216,6440,4.3494113497929074,50.133096318864645
1217,7911,3.628571814619295,50.685314316780754
1218,7024,3.945146605217959,50.412633442688026
1219,7012,3.896434300096074,50.45206420035348
1220,6791,5.844003703149036,49.57086993737889
1221,6960,5.651178048773771,50.30006951081897
1222,1761,4.127764601215651,50.84979781140373
1223,7810,3.804720398183327,50.61786635385123
1224,1044,4.38605713534583,50.861805515601496
1225,1380,4.487230128604433,50.683720905648165
1226,2099,4.376134025032607,51.248447820724365
1227,2220,4.72968659576947,51.06268641706418
1228,2250,4.885612822364903,51.16347229635089
1229,2050,4.376134025032607,51.248447820724365
1230,2288,4.736514605474364,51.16186795577687
